Date,T,RH,Gas,Value
10/3/2004,12.02083337,54.88333368,CO,1316.5
11/3/2004,9.833333318,64.06979144,CO,1244.0625
12/3/2004,11.29270837,51.10729162,CO,1281.5625
13/3/2004,12.86631947,51.53090292,CO,1330.555556
14/3/2004,16.01666662,48.84375006,CO,1360.927083
15/3/2004,17.37083332,50.32083342,CO,1452.010417
16/3/2004,18.62777777,44.82500007,CO,1339.621528
17/3/2004,18.77291673,41.16562509,CO,1362.708333
18/3/2004,17.76076395,44.08472221,CO,1352.569444
19/3/2004,14.19479162,57.90416666,CO,1304.208333
20/3/2004,15.85937502,52.1718752,CO,1288.46875
21/3/2004,17.20486107,52.44340299,CO,1252.552083
22/3/2004,17.36354167,44.8354166,CO,1129.166667
23/3/2004,12.12256951,60.46979148,CO,1122.059028
24/3/2004,11.66875,59.09791629,CO,1148.9375
25/3/2004,11.63020832,58.79791677,CO,1084.791667
26/3/2004,11.66770835,51.29513875,CO,1084.465278
27/3/2004,12.58541664,46.54687486,CO,1095.010417
28/3/2004,13.46354171,45.72604167,CO,1059.572917
29/3/2004,13.39201392,37.65486115,CO,991.8611111
30/3/2004,15.51145833,34.4552084,CO,1186.875
31/3/2004,13.57916671,55.03576361,CO,1180.961806
1/4/2004,-11.42604168,19.74201385,CO,1063.739583
2/4/2004,17.94479162,49.10416649,CO,1288.791667
3/4/2004,19.12951387,45.6961806,CO,1307.135417
4/4/2004,18.89166672,50.16041656,CO,1202.645833
5/4/2004,16.86250006,53.94687498,CO,1283.46875
6/4/2004,16.92222225,48.20763882,CO,1200.409722
7/4/2004,14.31875002,54.71041652,CO,1051.572917
8/4/2004,5.559027821,39.00763864,CO,1100.524306
9/4/2004,-191.1645833,-188.8395833,CO,-142.6666667
10/4/2004,15.08541665,49.17083333,CO,1051.291667
11/4/2004,14.77430556,43.76250022,CO,939.8958333
12/4/2004,12.19687499,52.97187511,CO,929.9270833
13/4/2004,13.06249996,53.05000003,CO,1110.875
14/4/2004,15.49236109,47.35243069,CO,1143.722222
15/4/2004,14.82916668,51.21562497,CO,1325.875
16/4/2004,14.09826386,69.34062526,CO,1329.951389
17/4/2004,15.54375006,64.27812509,CO,1064.5625
18/4/2004,15.58750002,64.1427085,CO,1071.010417
19/4/2004,13.6024306,67.43055564,CO,1055.475694
20/4/2004,16.26562496,56.91250016,CO,1150.802083
21/4/2004,19.09062506,44.99444461,CO,1174.107639
22/4/2004,21.05416664,39.29687504,CO,1158.75
23/4/2004,21.22916664,39.14375009,CO,1302.395833
24/4/2004,20.08159728,48.51840254,CO,1240.579861
25/4/2004,15.61770836,41.1937501,CO,916.2604167
26/4/2004,16.80312501,38.55104178,CO,957.90625
27/4/2004,20.61215281,35.55208314,CO,1123.8125
28/4/2004,21.08958334,42.77604159,CO,1292.979167
29/4/2004,18.91388893,51.19513904,CO,1322.486111
30/4/2004,17.98958333,66.56562523,CO,1330.010417
1/5/2004,20.13437505,52.17812492,CO,1097.4375
2/5/2004,19.58819454,49.55694434,CO,1055.559028
3/5/2004,21.23749995,48.74270846,CO,1164.854167
4/5/2004,18.01874993,66.27500014,CO,1143.572917
5/5/2004,16.23402773,66.88749998,CO,1078.96875
6/5/2004,14.31458333,62.78229145,CO,1000.333333
7/5/2004,15.45520842,55.58888876,CO,999.3298611
8/5/2004,14.28020836,59.31250008,CO,1002.177083
9/5/2004,15.26041657,56.91770824,CO,1020.78125
10/5/2004,17.94166672,50.46458309,CO,1110.319444
11/5/2004,18.97083328,48.04999997,CO,1205.916667
12/5/2004,17.21527775,56.31944438,CO,1213.763889
13/5/2004,17.67083326,51.33124995,CO,1125.885417
14/5/2004,21.81979166,37.30729163,CO,1121.760417
15/5/2004,21.03923606,34.38993053,CO,1043.458333
16/5/2004,22.35937495,34.83125005,CO,1034.375
17/5/2004,21.34583342,26.02083321,CO,986.4166667
18/5/2004,23.74097229,30.98472227,CO,1157.871528
19/5/2004,22.98958332,37.68958332,CO,1196.84375
20/5/2004,23.64236111,37.434375,CO,1237.270833
21/5/2004,23.47187508,34.728125,CO,1210.791667
22/5/2004,22.04270838,42.35208337,CO,1235.395833
23/5/2004,22.35659726,41.75972241,CO,1058.673611
24/5/2004,19.94687499,25.6614582,CO,879.4375
25/5/2004,-23.92083335,-24.78645826,CO,747.78125
26/5/2004,-57.95173605,-61.50069437,CO,611.2847222
27/5/2004,22.86354162,32.07499983,CO,1087.604167
28/5/2004,21.33229167,41.12812505,CO,1037
29/5/2004,20.26875008,39.06319459,CO,880.8784722
30/5/2004,23.71562495,31.28229173,CO,875.8020833
31/5/2004,22.79687496,42.8687501,CO,1006.958333
1/6/2004,20.33229162,66.14513891,CO,1135.489583
2/6/2004,23.89166669,52.67499973,CO,977.3333333
3/6/2004,23.30069434,45.93993062,CO,991.5729167
4/6/2004,23.39479162,39.42916671,CO,967.5625
5/6/2004,23.87291668,45.05833336,CO,962.4895833
6/6/2004,21.89756954,48.71250023,CO,849.8402778
7/6/2004,25.5531249,37.70104178,CO,973.7708333
8/6/2004,27.31979158,38.34479175,CO,1069.385417
9/6/2004,29.43750014,35.84791675,CO,1122.0625
10/6/2004,29.02500002,36.66875001,CO,1121.333333
11/6/2004,28.42013885,29.57812509,CO,1035.152778
12/6/2004,27.32499995,33.5625,CO,1023.21875
13/6/2004,22.29479172,42.84166662,CO,846.375
14/6/2004,22.18090278,43.88472217,CO,878.7291667
15/6/2004,26.58645821,36.06458336,CO,999.5416667
16/6/2004,25.94409713,41.97708328,CO,1059.357639
17/6/2004,25.28854167,42.62395835,CO,1048.75
18/6/2004,28.23333327,38.00937502,CO,1042.75
19/6/2004,-68.06979167,-58.29687495,CO,481.7534722
20/6/2004,-200,-200,CO,-200
21/6/2004,-12.14895831,-5.416666528,CO,758.7395833
22/6/2004,25.50833325,37.97465281,CO,1023.642361
23/6/2004,27.21875006,36.50937488,CO,1080.03125
24/6/2004,27.80069451,41.32569441,CO,1042
25/6/2004,27.8791667,33.69999992,CO,1013.041667
26/6/2004,28.09479163,32.23749992,CO,981.0104167
27/6/2004,31.23298599,33.67604156,CO,984.1979167
28/6/2004,31.09375008,33.19270849,CO,1098.15625
29/6/2004,31.12916656,37.05937487,CO,1164.010417
30/6/2004,31.6069442,38.64548624,CO,1155.944444
1/7/2004,30.44270831,39.68749998,CO,1130.416667
2/7/2004,30.19444441,33.77569438,CO,1097.71875
3/7/2004,28.71250006,31.89270826,CO,989.7708333
4/7/2004,29.0666666,35.59062492,CO,956.6979167
5/7/2004,29.55868045,31.00868064,CO,1057.319444
6/7/2004,30.52916684,31.14791657,CO,1120.416667
7/7/2004,32.38090279,25.41250008,CO,1167.513889
8/7/2004,32.47395825,28.20208338,CO,1207.635417
9/7/2004,28.99687495,31.21562501,CO,1055.010417
10/7/2004,26.61805553,35.73472223,CO,918.0104167
11/7/2004,25.76249993,36.09999996,CO,894.1041667
12/7/2004,22.75104165,40.79166679,CO,960.7916667
13/7/2004,24.89027771,34.71909715,CO,971.8784722
14/7/2004,27.60000002,28.46874995,CO,1003.65625
15/7/2004,27.85763887,32.60069442,CO,1033.204861
16/7/2004,28.6270834,30.99166668,CO,1033.90625
17/7/2004,29.82187498,29.22395834,CO,1010.885417
18/7/2004,30.54652766,26.90138894,CO,990.6111111
19/7/2004,31.1364583,28.80312522,CO,1128.427083
20/7/2004,32.22083342,29.23333325,CO,1189.09375
21/7/2004,32.36284722,30.81215281,CO,1181.048611
22/7/2004,32.99791652,33.08750002,CO,1216.145833
23/7/2004,32.55694447,31.85347212,CO,1134.586806
24/7/2004,30.1135418,39.88125012,CO,1046.78125
25/7/2004,26.76041659,49.76041667,CO,932.15625
26/7/2004,30.10104163,35.60937488,CO,982.8715278
27/7/2004,28.01666655,32.47187497,CO,921.625
28/7/2004,28.37916654,26.45729166,CO,955.9479167
29/7/2004,29.45659715,28.30138885,CO,1019.006944
30/7/2004,30.02187498,37.04375003,CO,1086.395833
31/7/2004,21.46006959,28.20694435,CO,989.6215278
1/8/2004,30.65312491,42.1208335,CO,974.0625
2/8/2004,30.53854175,43.63333317,CO,1055.0625
3/8/2004,30.70694439,41.35138894,CO,1099.1875
4/8/2004,30.58125005,42.06354143,CO,1036.385417
5/8/2004,26.29791672,56.64791669,CO,1046.006944
6/8/2004,26.48333329,58.03229195,CO,1079.041667
7/8/2004,29.10208327,46.35729172,CO,927.7083333
8/8/2004,28.04618069,50.14513885,CO,935.0173611
9/8/2004,-9.852430556,9.186111,CO,816.1180556
10/8/2004,31.54791663,43.88124975,CO,1064.125
11/8/2004,31.4996528,46.00381931,CO,1057.850694
12/8/2004,30.73333337,47.58958312,CO,1001.0625
13/8/2004,29.80729161,44.46805574,CO,924.9027778
14/8/2004,29.95416667,41.79270834,CO,905.9479167
15/8/2004,29.8145833,37.76979164,CO,847.2395833
16/8/2004,30.07083328,30.23368044,CO,891.2569444
17/8/2004,30.39166657,33.84687499,CO,986.1041667
18/8/2004,29.84479149,37.4104167,CO,998.4791667
19/8/2004,32.2291666,41.39618071,CO,998.7013889
20/8/2004,30.6249999,45.25312513,CO,982.46875
21/8/2004,26.79756945,37.68159721,CO,851.4965278
22/8/2004,27.54583343,38.43541664,CO,854.6041667
23/8/2004,28.00625006,34.8270834,CO,893.3229167
24/8/2004,27.98229158,35.98680556,CO,967.8125
25/8/2004,28.61979161,42.14583331,CO,1014.583333
26/8/2004,-144.0729167,-138.6729166,CO,61.08333333
27/8/2004,-200,-200,CO,-200
28/8/2004,-0.613541524,9.307291667,CO,803.5
29/8/2004,27.52187505,45.0003471,CO,987.2708333
30/8/2004,27.07812508,46.15416656,CO,1066.989583
31/8/2004,27.29374997,46.17291683,CO,1070.15625
1/9/2004,27.05833326,42.09027763,CO,1060.482639
2/9/2004,28.91111118,38.07916653,CO,1084.097222
3/9/2004,29.9815971,37.22604163,CO,1129.604167
4/9/2004,30.36562512,34.64375009,CO,1076.09375
5/9/2004,29.2166666,27.22812498,CO,928
6/9/2004,26.64270835,36.39791676,CO,978.4166667
7/9/2004,18.04687496,23.66979166,CO,972.7083333
8/9/2004,-133.7322917,-133.684375,CO,225.2083333
9/9/2004,28.51354176,26.559375,CO,1113.28125
10/9/2004,27.9177084,30.60729175,CO,1080.322917
11/9/2004,27.21354163,35.54166665,CO,1107.677083
12/9/2004,24.65347222,55.25034718,CO,1158.822917
13/9/2004,26.26041663,49.9885418,CO,1206.729167
14/9/2004,25.20104174,55.95312484,CO,1148.40625
15/9/2004,22.84548604,67.76041664,CO,1205.298611
16/9/2004,21.42916662,61.10624981,CO,1071.927083
17/9/2004,21.79930564,48.52291677,CO,945.0659722
18/9/2004,24.01979162,38.86041657,CO,933.5729167
19/9/2004,24.82708341,43.92187508,CO,1044.802083
20/9/2004,25.56909711,43.26770825,CO,1129.822917
21/9/2004,24.71770825,47.61145834,CO,1181.760417
22/9/2004,24.61041661,51.27187512,CO,1166.614583
23/9/2004,25.49930545,50.7895834,CO,1159.236111
24/9/2004,21.1343751,58.60833327,CO,1136.427083
25/9/2004,17.85000003,40.98055555,CO,852.9479167
26/9/2004,18.42812505,42.44479167,CO,910.6145833
27/9/2004,19.01666665,42.4489582,CO,997.5
28/9/2004,19.89201383,42.38749986,CO,1086.53125
29/9/2004,20.99479166,44.05208321,CO,1122.677083
30/9/2004,21.28645837,53.09166674,CO,1267.8125
1/10/2004,12.82430561,49.38055555,CO,1252.298611
2/10/2004,22.81145833,57.38750005,CO,1210.854167
3/10/2004,23.00104174,56.39791669,CO,1128.131944
4/10/2004,22.17291661,56.58854143,CO,1198.5625
5/10/2004,23.16458323,53.54895834,CO,1267.260417
6/10/2004,22.77326385,55.64479168,CO,1295.375
7/10/2004,23.12291672,54.55833348,CO,1307.635417
8/10/2004,23.28541664,54.93958334,CO,1287.177083
9/10/2004,24.88437497,54.79444427,CO,1340.121528
10/10/2004,22.0802083,66.91666694,CO,1112.052083
11/10/2004,19.92777779,67.12569449,CO,1153.413194
12/10/2004,17.74999986,57.20208327,CO,941.1041667
13/10/2004,15.38020831,54.92083335,CO,875.5208333
14/10/2004,17.79131955,55.77152803,CO,1004.982639
15/10/2004,18.32708336,64.6020834,CO,1112.322917
16/10/2004,17.41909724,62.10659717,CO,982.3229167
17/10/2004,17.96250003,55.39375011,CO,931.1354167
18/10/2004,17.346875,60.38124994,CO,1158.625
19/10/2004,18.21423624,67.01631946,CO,1273.052083
20/10/2004,21.7166666,66.2187498,CO,1472.260417
21/10/2004,23.81875004,60.47291625,CO,1337.635417
22/10/2004,22.52916665,61.66041675,CO,1300.53125
23/10/2004,21.68020831,62.49895843,CO,1235.6875
24/10/2004,21.35486113,62.78784755,CO,1139.770833
25/10/2004,18.66145832,69.74895855,CO,1307.5
26/10/2004,19.53125006,66.22187471,CO,1291.885417
27/10/2004,18.43124994,72.33854204,CO,1141.788194
28/10/2004,18.37604167,67.79062514,CO,1148.5
29/10/2004,19.44791665,73.89583313,CO,1153.260417
30/10/2004,19.56145822,71.15937512,CO,1200.482639
31/10/2004,20.85416669,68.81979187,CO,1109.708333
1/11/2004,21.23437503,70.09270836,CO,1243.364583
2/11/2004,20.67083333,64.49583328,CO,1308.78125
3/11/2004,21.53541658,58.01666645,CO,1155.5625
4/11/2004,20.58506941,62.00381945,CO,1281.177083
5/11/2004,19.34166679,62.23333335,CO,1262.53125
6/11/2004,18.28229169,63.48229174,CO,1189.333333
7/11/2004,15.8802083,45.86006945,CO,876.40625
8/11/2004,11.11666669,50.61666663,CO,906.78125
9/11/2004,8.033333329,64.78402805,CO,1000.784722
10/11/2004,8.748958364,71.8145831,CO,961.3333333
11/11/2004,10.72187495,75.7052083,CO,1134.375
12/11/2004,15.27881944,61.90729151,CO,1009.430556
13/11/2004,17.33125002,53.84270851,CO,1053.322917
14/11/2004,10.35208334,44.30729165,CO,724.6979167
15/11/2004,11.96180563,35.07222215,CO,842.0104167
16/11/2004,13.3072917,36.1989583,CO,996.6875
17/11/2004,10.93923603,51.69340301,CO,1191.659722
18/11/2004,12.75208334,60.87499996,CO,1226.520833
19/11/2004,15.85833333,53.78125006,CO,1165.802083
20/11/2004,10.78958334,26.43229163,CO,904.2847222
21/11/2004,7.638541708,42.91354156,CO,993.78125
22/11/2004,6.451041674,54.32500018,CO,1265.770833
23/11/2004,10.73125006,75.31354165,CO,1513.208333
24/11/2004,11.2416667,75.3218749,CO,1294.75
25/11/2004,10.01909723,63.45590266,CO,1177.097222
26/11/2004,12.49479169,66.78749979,CO,1439.458333
27/11/2004,13.76875008,75.31354133,CO,1426
28/11/2004,10.64027779,72.66458346,CO,1090.246528
29/11/2004,13.77083334,67.2614584,CO,1198.916667
30/11/2004,12.99409725,71.59409714,CO,1127.086806
1/12/2004,10.89583326,76.99583324,CO,1173.239583
2/12/2004,14.47187495,71.2270836,CO,1305.427083
3/12/2004,15.24826383,76.96736124,CO,1314.180556
4/12/2004,12.48958331,81.10416667,CO,1133.114583
5/12/2004,12.41249999,71.88125002,CO,941.75
6/12/2004,15.36284729,63.71423611,CO,1107.215278
7/12/2004,14.86041673,60.48750007,CO,1119.052083
8/12/2004,14.34861109,64.53819454,CO,1092.822917
9/12/2004,14.53229172,55.37708342,CO,934.1770833
10/12/2004,14.28333337,29.6385417,CO,875.6770833
11/12/2004,13.43090277,31.1559027,CO,997.8645833
12/12/2004,9.973958358,51.62708356,CO,1159.520833
13/12/2004,10.10312505,56.78541676,CO,1258.364583
14/12/2004,-51.36319446,-11.95625007,CO,810.4895833
15/12/2004,-200,-200,CO,-200
16/12/2004,-200,-200,CO,-200
17/12/2004,-164.5104167,-154.5156251,CO,36.28125
18/12/2004,12.31354168,44.88437506,CO,967.6875
19/12/2004,5.284027769,62.7534722,CO,1085.90625
20/12/2004,8.704166681,53.71979173,CO,914.34375
21/12/2004,6.669097284,38.66493061,CO,922.3645833
22/12/2004,6.606250013,40.78333324,CO,974.15625
23/12/2004,5.732291652,49.1031251,CO,1223.09375
24/12/2004,-36.02291666,4.436111079,CO,1055.465278
25/12/2004,10.26458336,69.8864586,CO,1439.135417
26/12/2004,12.04583332,74.79375013,CO,1079.708333
27/12/2004,12.55034719,65.45868052,CO,1056.395833
28/12/2004,11.33437498,64.53854171,CO,1120.46875
29/12/2004,10.31666662,59.11041665,CO,931.1145833
30/12/2004,9.783333321,40.56979156,CO,877.28125
31/12/2004,9.349999999,39.33958326,CO,900.1145833
1/1/2005,6.872569472,50.8086805,CO,1114.138889
2/1/2005,-19.24791666,26.86874974,CO,931.7395833
3/1/2005,-200,-200,CO,-200
4/1/2005,-200,-200,CO,-200
5/1/2005,2.471875032,54.78541676,CO,1278.052083
6/1/2005,13.44895839,61.06354161,CO,1109.135417
7/1/2005,8.455208361,72.04166659,CO,1192.072917
8/1/2005,10.38541664,65.75729187,CO,1243.90625
9/1/2005,14.42847217,59.00347197,CO,1122.173611
10/1/2005,13.32083333,68.64062524,CO,1279.53125
11/1/2005,12.78958329,64.09270851,CO,1299.833333
12/1/2005,11.96215273,65.6829861,CO,1301.940972
13/1/2005,9.990625009,69.5625004,CO,1218.645833
14/1/2005,8.088541672,71.72951423,CO,1234.128472
15/1/2005,6.431250013,70.2010419,CO,1153.770833
16/1/2005,7.524999994,47.77812495,CO,950.875
17/1/2005,6.660069471,46.91527761,CO,1120.930556
18/1/2005,5.282291658,66.26875003,CO,1271.90625
19/1/2005,7.823958274,64.99409729,CO,966.5347222
20/1/2005,10.06875003,44.24999994,CO,1090.03125
21/1/2005,9.090625018,59.06979191,CO,1379.239583
22/1/2005,9.937152834,55.85138901,CO,1283.163194
23/1/2005,5.819791675,53.87812507,CO,1044.739583
24/1/2005,7.668750003,47.88333329,CO,967.15625
25/1/2005,4.509027771,50.96909716,CO,855.9166667
26/1/2005,4.213541647,49.47708329,CO,870.9583333
27/1/2005,5.267708326,39.6149304,CO,911.7777778
28/1/2005,-55.51597223,-24.01041656,CO,592.8645833
29/1/2005,-14.27291667,28.56354173,CO,769.625
30/1/2005,4.848611129,37.832986,CO,864.6423611
31/1/2005,7.273958323,31.80937483,CO,1084.5
10/3/2004,12.02083337,54.88333368,NMHC,912.25
11/3/2004,9.833333318,64.06979144,NMHC,851.8020833
12/3/2004,11.29270837,51.10729162,NMHC,1008.229167
13/3/2004,12.86631947,51.53090292,NMHC,992.8229167
14/3/2004,16.01666662,48.84375006,NMHC,943.8541667
15/3/2004,17.37083332,50.32083342,NMHC,1138.84375
16/3/2004,18.62777777,44.82500007,NMHC,1061.763889
17/3/2004,18.77291673,41.16562509,NMHC,1098.9375
18/3/2004,17.76076395,44.08472221,NMHC,1072.517361
19/3/2004,14.19479162,57.90416666,NMHC,1057.916667
20/3/2004,15.85937502,52.1718752,NMHC,911.8854167
21/3/2004,17.20486107,52.44340299,NMHC,870.5173611
22/3/2004,17.36354167,44.8354166,NMHC,911.5520833
23/3/2004,12.12256951,60.46979148,NMHC,896.5104167
24/3/2004,11.66875,59.09791629,NMHC,888.71875
25/3/2004,11.63020832,58.79791677,NMHC,859.59375
26/3/2004,11.66770835,51.29513875,NMHC,892.375
27/3/2004,12.58541664,46.54687486,NMHC,872.9895833
28/3/2004,13.46354171,45.72604167,NMHC,783.3229167
29/3/2004,13.39201392,37.65486115,NMHC,762.1180556
30/3/2004,15.51145833,34.4552084,NMHC,912.7708333
31/3/2004,13.57916671,55.03576361,NMHC,863.1354167
1/4/2004,-11.42604168,19.74201385,NMHC,859.0590278
2/4/2004,17.94479162,49.10416649,NMHC,1059.197917
3/4/2004,19.12951387,45.6961806,NMHC,989.59375
4/4/2004,18.89166672,50.16041656,NMHC,856.5729167
5/4/2004,16.86250006,53.94687498,NMHC,970.3645833
6/4/2004,16.92222225,48.20763882,NMHC,969.7222222
7/4/2004,14.31875002,54.71041652,NMHC,823.0104167
8/4/2004,5.559027821,39.00763864,NMHC,962.7222222
9/4/2004,-191.1645833,-188.8395833,NMHC,-153.4583333
10/4/2004,15.08541665,49.17083333,NMHC,869.6145833
11/4/2004,14.77430556,43.76250022,NMHC,707.8958333
12/4/2004,12.19687499,52.97187511,NMHC,599.5416667
13/4/2004,13.06249996,53.05000003,NMHC,912.5833333
14/4/2004,15.49236109,47.35243069,NMHC,959.3229167
15/4/2004,14.82916668,51.21562497,NMHC,1085.010417
16/4/2004,14.09826386,69.34062526,NMHC,1068.857639
17/4/2004,15.54375006,64.27812509,NMHC,828.5
18/4/2004,15.58750002,64.1427085,NMHC,800.4166667
19/4/2004,13.6024306,67.43055564,NMHC,872.3611111
20/4/2004,16.26562496,56.91250016,NMHC,1034.520833
21/4/2004,19.09062506,44.99444461,NMHC,1078.197917
22/4/2004,21.05416664,39.29687504,NMHC,1072.1875
23/4/2004,21.22916664,39.14375009,NMHC,1163.041667
24/4/2004,20.08159728,48.51840254,NMHC,976.1111111
25/4/2004,15.61770836,41.1937501,NMHC,695.0208333
26/4/2004,16.80312501,38.55104178,NMHC,778.4791667
27/4/2004,20.61215281,35.55208314,NMHC,985.3090278
28/4/2004,21.08958334,42.77604159,NMHC,1110.854167
29/4/2004,18.91388893,51.19513904,NMHC,1141.055556
30/4/2004,17.98958333,66.56562523,NMHC,1103.4375
1/5/2004,20.13437505,52.17812492,NMHC,913.46875
2/5/2004,19.58819454,49.55694434,NMHC,858.9131944
3/5/2004,21.23749995,48.74270846,NMHC,995.3958333
4/5/2004,18.01874993,66.27500014,NMHC,971.5729167
5/5/2004,16.23402773,66.88749998,NMHC,942.7986111
6/5/2004,14.31458333,62.78229145,NMHC,897.21875
7/5/2004,15.45520842,55.58888876,NMHC,936.8194444
8/5/2004,14.28020836,59.31250008,NMHC,839.3958333
9/5/2004,15.26041657,56.91770824,NMHC,837.1770833
10/5/2004,17.94166672,50.46458309,NMHC,1041.430556
11/5/2004,18.97083328,48.04999997,NMHC,1111.447917
12/5/2004,17.21527775,56.31944438,NMHC,1062.454861
13/5/2004,17.67083326,51.33124995,NMHC,974.8958333
14/5/2004,21.81979166,37.30729163,NMHC,1069.052083
15/5/2004,21.03923606,34.38993053,NMHC,930.0034722
16/5/2004,22.35937495,34.83125005,NMHC,841.0729167
17/5/2004,21.34583342,26.02083321,NMHC,886.7291667
18/5/2004,23.74097229,30.98472227,NMHC,1018.611111
19/5/2004,22.98958332,37.68958332,NMHC,1041.760417
20/5/2004,23.64236111,37.434375,NMHC,1055.642361
21/5/2004,23.47187508,34.728125,NMHC,1039.302083
22/5/2004,22.04270838,42.35208337,NMHC,1006.520833
23/5/2004,22.35659726,41.75972241,NMHC,811.9375
24/5/2004,19.94687499,25.6614582,NMHC,781.7291667
25/5/2004,-23.92083335,-24.78645826,NMHC,712.3125
26/5/2004,-57.95173605,-61.50069437,NMHC,663.7013889
27/5/2004,22.86354162,32.07499983,NMHC,1040.6875
28/5/2004,21.33229167,41.12812505,NMHC,984.7708333
29/5/2004,20.26875008,39.06319459,NMHC,776.6319444
30/5/2004,23.71562495,31.28229173,NMHC,788.4895833
31/5/2004,22.79687496,42.8687501,NMHC,976.9583333
1/6/2004,20.33229162,66.14513891,NMHC,1021.784722
2/6/2004,23.89166669,52.67499973,NMHC,856.5729167
3/6/2004,23.30069434,45.93993062,NMHC,986.6215278
4/6/2004,23.39479162,39.42916671,NMHC,938.6666667
5/6/2004,23.87291668,45.05833336,NMHC,891.1041667
6/6/2004,21.89756954,48.71250023,NMHC,751.7673611
7/6/2004,25.5531249,37.70104178,NMHC,1031.666667
8/6/2004,27.31979158,38.34479175,NMHC,1086.40625
9/6/2004,29.43750014,35.84791675,NMHC,1114.03125
10/6/2004,29.02500002,36.66875001,NMHC,1114.447917
11/6/2004,28.42013885,29.57812509,NMHC,1056.100694
12/6/2004,27.32499995,33.5625,NMHC,901.4270833
13/6/2004,22.29479172,42.84166662,NMHC,641.5625
14/6/2004,22.18090278,43.88472217,NMHC,736.03125
15/6/2004,26.58645821,36.06458336,NMHC,1010.9375
16/6/2004,25.94409713,41.97708328,NMHC,1015.347222
17/6/2004,25.28854167,42.62395835,NMHC,1022.71875
18/6/2004,28.23333327,38.00937502,NMHC,1035.479167
19/6/2004,-68.06979167,-58.29687495,NMHC,408.7048611
20/6/2004,-200,-200,NMHC,-200
21/6/2004,-12.14895831,-5.416666528,NMHC,788.7395833
22/6/2004,25.50833325,37.97465281,NMHC,1031.166667
23/6/2004,27.21875006,36.50937488,NMHC,1060.96875
24/6/2004,27.80069451,41.32569441,NMHC,913.9479167
25/6/2004,27.8791667,33.69999992,NMHC,986.3645833
26/6/2004,28.09479163,32.23749992,NMHC,877.0416667
27/6/2004,31.23298599,33.67604156,NMHC,858.6493056
28/6/2004,31.09375008,33.19270849,NMHC,1040.604167
29/6/2004,31.12916656,37.05937487,NMHC,1081.958333
30/6/2004,31.6069442,38.64548624,NMHC,1080.201389
1/7/2004,30.44270831,39.68749998,NMHC,1038.40625
2/7/2004,30.19444441,33.77569438,NMHC,1021.930556
3/7/2004,28.71250006,31.89270826,NMHC,899.6145833
4/7/2004,29.0666666,35.59062492,NMHC,810.3854167
5/7/2004,29.55868045,31.00868064,NMHC,1011.611111
6/7/2004,30.52916684,31.14791657,NMHC,1106.302083
7/7/2004,32.38090279,25.41250008,NMHC,1128.461806
8/7/2004,32.47395825,28.20208338,NMHC,1109.583333
9/7/2004,28.99687495,31.21562501,NMHC,990.375
10/7/2004,26.61805553,35.73472223,NMHC,822.0694444
11/7/2004,25.76249993,36.09999996,NMHC,768.3229167
12/7/2004,22.75104165,40.79166679,NMHC,907.2083333
13/7/2004,24.89027771,34.71909715,NMHC,1022.079861
14/7/2004,27.60000002,28.46874995,NMHC,1081.697917
15/7/2004,27.85763887,32.60069442,NMHC,1040.447917
16/7/2004,28.6270834,30.99166668,NMHC,1034.03125
17/7/2004,29.82187498,29.22395834,NMHC,916.7916667
18/7/2004,30.54652766,26.90138894,NMHC,805.2395833
19/7/2004,31.1364583,28.80312522,NMHC,1027.135417
20/7/2004,32.22083342,29.23333325,NMHC,1089.6875
21/7/2004,32.36284722,30.81215281,NMHC,1058.1875
22/7/2004,32.99791652,33.08750002,NMHC,1120.145833
23/7/2004,32.55694447,31.85347212,NMHC,1074.361111
24/7/2004,30.1135418,39.88125012,NMHC,857.96875
25/7/2004,26.76041659,49.76041667,NMHC,677.1979167
26/7/2004,30.10104163,35.60937488,NMHC,876.5347222
27/7/2004,28.01666655,32.47187497,NMHC,850.3645833
28/7/2004,28.37916654,26.45729166,NMHC,993.5520833
29/7/2004,29.45659715,28.30138885,NMHC,999.6319444
30/7/2004,30.02187498,37.04375003,NMHC,1034.458333
31/7/2004,21.46006959,28.20694435,NMHC,888.8090278
1/8/2004,30.65312491,42.1208335,NMHC,792.4479167
2/8/2004,30.53854175,43.63333317,NMHC,930.7916667
3/8/2004,30.70694439,41.35138894,NMHC,958.4791667
4/8/2004,30.58125005,42.06354143,NMHC,901.8958333
5/8/2004,26.29791672,56.64791669,NMHC,869.2118056
6/8/2004,26.48333329,58.03229195,NMHC,980.7604167
7/8/2004,29.10208327,46.35729172,NMHC,829.375
8/8/2004,28.04618069,50.14513885,NMHC,752.2083333
9/8/2004,-9.852430556,9.186111,NMHC,708.5069444
10/8/2004,31.54791663,43.88124975,NMHC,920.0833333
11/8/2004,31.4996528,46.00381931,NMHC,855.2604167
12/8/2004,30.73333337,47.58958312,NMHC,834.3958333
13/8/2004,29.80729161,44.46805574,NMHC,760.375
14/8/2004,29.95416667,41.79270834,NMHC,722.8541667
15/8/2004,29.8145833,37.76979164,NMHC,693.1770833
16/8/2004,30.07083328,30.23368044,NMHC,797.5729167
17/8/2004,30.39166657,33.84687499,NMHC,828.4791667
18/8/2004,29.84479149,37.4104167,NMHC,847.375
19/8/2004,32.2291666,41.39618071,NMHC,798.0763889
20/8/2004,30.6249999,45.25312513,NMHC,786.8541667
21/8/2004,26.79756945,37.68159721,NMHC,712.5520833
22/8/2004,27.54583343,38.43541664,NMHC,757.0729167
23/8/2004,28.00625006,34.8270834,NMHC,812.1979167
24/8/2004,27.98229158,35.98680556,NMHC,852.9305556
25/8/2004,28.61979161,42.14583331,NMHC,872.3125
26/8/2004,-144.0729167,-138.6729166,NMHC,18.55208333
27/8/2004,-200,-200,NMHC,-200
28/8/2004,-0.613541524,9.307291667,NMHC,694.375
29/8/2004,27.52187505,45.0003471,NMHC,826.5173611
30/8/2004,27.07812508,46.15416656,NMHC,973.65625
31/8/2004,27.29374997,46.17291683,NMHC,980.6875
1/9/2004,27.05833326,42.09027763,NMHC,1050.083333
2/9/2004,28.91111118,38.07916653,NMHC,1072.569444
3/9/2004,29.9815971,37.22604163,NMHC,1069.277778
4/9/2004,30.36562512,34.64375009,NMHC,938.2083333
5/9/2004,29.2166666,27.22812498,NMHC,761.8333333
6/9/2004,26.64270835,36.39791676,NMHC,794.4791667
7/9/2004,18.04687496,23.66979166,NMHC,897.84375
8/9/2004,-133.7322917,-133.684375,NMHC,228.1875
9/9/2004,28.51354176,26.559375,NMHC,1066.458333
10/9/2004,27.9177084,30.60729175,NMHC,1009.354167
11/9/2004,27.21354163,35.54166665,NMHC,927.96875
12/9/2004,24.65347222,55.25034718,NMHC,884.1631944
13/9/2004,26.26041663,49.9885418,NMHC,1126.697917
14/9/2004,25.20104174,55.95312484,NMHC,1016.1875
15/9/2004,22.84548604,67.76041664,NMHC,1088.315972
16/9/2004,21.42916662,61.10624981,NMHC,1015.479167
17/9/2004,21.79930564,48.52291677,NMHC,882.8333333
18/9/2004,24.01979162,38.86041657,NMHC,813.875
19/9/2004,24.82708341,43.92187508,NMHC,941.40625
20/9/2004,25.56909711,43.26770825,NMHC,1095.21875
21/9/2004,24.71770825,47.61145834,NMHC,1124.59375
22/9/2004,24.61041661,51.27187512,NMHC,1113.385417
23/9/2004,25.49930545,50.7895834,NMHC,1074.923611
24/9/2004,21.1343751,58.60833327,NMHC,1021.375
25/9/2004,17.85000003,40.98055555,NMHC,751.0694444
26/9/2004,18.42812505,42.44479167,NMHC,821.09375
27/9/2004,19.01666665,42.4489582,NMHC,982.7395833
28/9/2004,19.89201383,42.38749986,NMHC,1114.642361
29/9/2004,20.99479166,44.05208321,NMHC,1092.239583
30/9/2004,21.28645837,53.09166674,NMHC,1129.3125
1/10/2004,12.82430561,49.38055555,NMHC,1097.315972
2/10/2004,22.81145833,57.38750005,NMHC,983.3229167
3/10/2004,23.00104174,56.39791669,NMHC,893.4340278
4/10/2004,22.17291661,56.58854143,NMHC,1122.770833
5/10/2004,23.16458323,53.54895834,NMHC,1189.479167
6/10/2004,22.77326385,55.64479168,NMHC,1151.152778
7/10/2004,23.12291672,54.55833348,NMHC,1141.020833
8/10/2004,23.28541664,54.93958334,NMHC,1144.010417
9/10/2004,24.88437497,54.79444427,NMHC,1101.28125
10/10/2004,22.0802083,66.91666694,NMHC,858.21875
11/10/2004,19.92777779,67.12569449,NMHC,1053.597222
12/10/2004,17.74999986,57.20208327,NMHC,863.1875
13/10/2004,15.38020831,54.92083335,NMHC,748.78125
14/10/2004,17.79131955,55.77152803,NMHC,875.0833333
15/10/2004,18.32708336,64.6020834,NMHC,1039.229167
16/10/2004,17.41909724,62.10659717,NMHC,851.4166667
17/10/2004,17.96250003,55.39375011,NMHC,810.78125
18/10/2004,17.346875,60.38124994,NMHC,1129.885417
19/10/2004,18.21423624,67.01631946,NMHC,1216.375
20/10/2004,21.7166666,66.2187498,NMHC,1355.104167
21/10/2004,23.81875004,60.47291625,NMHC,1212.770833
22/10/2004,22.52916665,61.66041675,NMHC,1189.375
23/10/2004,21.68020831,62.49895843,NMHC,1079.427083
24/10/2004,21.35486113,62.78784755,NMHC,972.0138889
25/10/2004,18.66145832,69.74895855,NMHC,1249.270833
26/10/2004,19.53125006,66.22187471,NMHC,1243.28125
27/10/2004,18.43124994,72.33854204,NMHC,1052.958333
28/10/2004,18.37604167,67.79062514,NMHC,1080.635417
29/10/2004,19.44791665,73.89583313,NMHC,1019.78125
30/10/2004,19.56145822,71.15937512,NMHC,1091.576389
31/10/2004,20.85416669,68.81979187,NMHC,938.6666667
1/11/2004,21.23437503,70.09270836,NMHC,1094.447917
2/11/2004,20.67083333,64.49583328,NMHC,1297.135417
3/11/2004,21.53541658,58.01666645,NMHC,1081.4375
4/11/2004,20.58506941,62.00381945,NMHC,1209.965278
5/11/2004,19.34166679,62.23333335,NMHC,1178.822917
6/11/2004,18.28229169,63.48229174,NMHC,1034.302083
7/11/2004,15.8802083,45.86006945,NMHC,747.7777778
8/11/2004,11.11666669,50.61666663,NMHC,848.1145833
9/11/2004,8.033333329,64.78402805,NMHC,950.0173611
10/11/2004,8.748958364,71.8145831,NMHC,843.1354167
11/11/2004,10.72187495,75.7052083,NMHC,1061.15625
12/11/2004,15.27881944,61.90729151,NMHC,858.09375
13/11/2004,17.33125002,53.84270851,NMHC,869.2604167
14/11/2004,10.35208334,44.30729165,NMHC,524.4895833
15/11/2004,11.96180563,35.07222215,NMHC,775.9131944
16/11/2004,13.3072917,36.1989583,NMHC,926.125
17/11/2004,10.93923603,51.69340301,NMHC,1073.888889
18/11/2004,12.75208334,60.87499996,NMHC,1098.291667
19/11/2004,15.85833333,53.78125006,NMHC,1014.291667
20/11/2004,10.78958334,26.43229163,NMHC,909.2222222
21/11/2004,7.638541708,42.91354156,NMHC,857.4791667
22/11/2004,6.451041674,54.32500018,NMHC,1239.746528
23/11/2004,10.73125006,75.31354165,NMHC,1353.104167
24/11/2004,11.2416667,75.3218749,NMHC,1158.84375
25/11/2004,10.01909723,63.45590266,NMHC,1100.368056
26/11/2004,12.49479169,66.78749979,NMHC,1267.78125
27/11/2004,13.76875008,75.31354133,NMHC,1157.15625
28/11/2004,10.64027779,72.66458346,NMHC,839.5
29/11/2004,13.77083334,67.2614584,NMHC,1000.28125
30/11/2004,12.99409725,71.59409714,NMHC,962.2534722
1/12/2004,10.89583326,76.99583324,NMHC,1050.416667
2/12/2004,14.47187495,71.2270836,NMHC,1182.40625
3/12/2004,15.24826383,76.96736124,NMHC,1147.829861
4/12/2004,12.48958331,81.10416667,NMHC,939.03125
5/12/2004,12.41249999,71.88125002,NMHC,707.3333333
6/12/2004,15.36284729,63.71423611,NMHC,982.34375
7/12/2004,14.86041673,60.48750007,NMHC,984.1354167
8/12/2004,14.34861109,64.53819454,NMHC,849.0277778
9/12/2004,14.53229172,55.37708342,NMHC,732.1041667
10/12/2004,14.28333337,29.6385417,NMHC,803.8854167
11/12/2004,13.43090277,31.1559027,NMHC,895.4618056
12/12/2004,9.973958358,51.62708356,NMHC,1008.5625
13/12/2004,10.10312505,56.78541676,NMHC,1149.552083
14/12/2004,-51.36319446,-11.95625007,NMHC,735.1597222
15/12/2004,-200,-200,NMHC,-200
16/12/2004,-200,-200,NMHC,-200
17/12/2004,-164.5104167,-154.5156251,NMHC,-0.208333333
18/12/2004,12.31354168,44.88437506,NMHC,864.28125
19/12/2004,5.284027769,62.7534722,NMHC,934.1145833
20/12/2004,8.704166681,53.71979173,NMHC,753.2395833
21/12/2004,6.669097284,38.66493061,NMHC,864.1736111
22/12/2004,6.606250013,40.78333324,NMHC,870.0208333
23/12/2004,5.732291652,49.1031251,NMHC,1108.34375
24/12/2004,-36.02291666,4.436111079,NMHC,891.1458333
25/12/2004,10.26458336,69.8864586,NMHC,1080.822917
26/12/2004,12.04583332,74.79375013,NMHC,723.7083333
27/12/2004,12.55034719,65.45868052,NMHC,783.0694444
28/12/2004,11.33437498,64.53854171,NMHC,922.1979167
29/12/2004,10.31666662,59.11041665,NMHC,691.4201389
30/12/2004,9.783333321,40.56979156,NMHC,697.40625
31/12/2004,9.349999999,39.33958326,NMHC,696.1666667
1/1/2005,6.872569472,50.8086805,NMHC,853.6840278
2/1/2005,-19.24791666,26.86874974,NMHC,678.3958333
3/1/2005,-200,-200,NMHC,-200
4/1/2005,-200,-200,NMHC,-200
5/1/2005,2.471875032,54.78541676,NMHC,1030.875
6/1/2005,13.44895839,61.06354161,NMHC,811.3680556
7/1/2005,8.455208361,72.04166659,NMHC,964.96875
8/1/2005,10.38541664,65.75729187,NMHC,988.2604167
9/1/2005,14.42847217,59.00347197,NMHC,822.3923611
10/1/2005,13.32083333,68.64062524,NMHC,1032.229167
11/1/2005,12.78958329,64.09270851,NMHC,1072.375
12/1/2005,11.96215273,65.6829861,NMHC,1135.673611
13/1/2005,9.990625009,69.5625004,NMHC,1043.59375
14/1/2005,8.088541672,71.72951423,NMHC,1083.197917
15/1/2005,6.431250013,70.2010419,NMHC,977.3333333
16/1/2005,7.524999994,47.77812495,NMHC,749.3020833
17/1/2005,6.660069471,46.91527761,NMHC,1008.892361
18/1/2005,5.282291658,66.26875003,NMHC,1078.729167
19/1/2005,7.823958274,64.99409729,NMHC,727.5173611
20/1/2005,10.06875003,44.24999994,NMHC,947.28125
21/1/2005,9.090625018,59.06979191,NMHC,1180.75
22/1/2005,9.937152834,55.85138901,NMHC,1105.447917
23/1/2005,5.819791675,53.87812507,NMHC,795.125
24/1/2005,7.668750003,47.88333329,NMHC,761.8333333
25/1/2005,4.509027771,50.96909716,NMHC,611.2881944
26/1/2005,4.213541647,49.47708329,NMHC,636.0729167
27/1/2005,5.267708326,39.6149304,NMHC,703.3125
28/1/2005,-55.51597223,-24.01041656,NMHC,434.3506944
29/1/2005,-14.27291667,28.56354173,NMHC,518.09375
30/1/2005,4.848611129,37.832986,NMHC,573.6840278
31/1/2005,7.273958323,31.80937483,NMHC,939.7916667
10/3/2004,12.02083337,54.88333368,NOx,1167.25
11/3/2004,9.833333318,64.06979144,NOx,1277.1875
12/3/2004,11.29270837,51.10729162,NOx,1101.71875
13/3/2004,12.86631947,51.53090292,NOx,993.1597222
14/3/2004,16.01666662,48.84375006,NOx,1001.104167
15/3/2004,17.37083332,50.32083342,NOx,845.5625
16/3/2004,18.62777777,44.82500007,NOx,939.1493056
17/3/2004,18.77291673,41.16562509,NOx,930.4270833
18/3/2004,17.76076395,44.08472221,NOx,901.1111111
19/3/2004,14.19479162,57.90416666,NOx,913.1770833
20/3/2004,15.85937502,52.1718752,NOx,968.3229167
21/3/2004,17.20486107,52.44340299,NOx,975.5416667
22/3/2004,17.36354167,44.8354166,NOx,1062.145833
23/3/2004,12.12256951,60.46979148,NOx,1073.524306
24/3/2004,11.66875,59.09791629,NOx,1040.666667
25/3/2004,11.63020832,58.79791677,NOx,1124.145833
26/3/2004,11.66770835,51.29513875,NOx,1032.111111
27/3/2004,12.58541664,46.54687486,NOx,1045.90625
28/3/2004,13.46354171,45.72604167,NOx,1121.614583
29/3/2004,13.39201392,37.65486115,NOx,1194.045139
30/3/2004,15.51145833,34.4552084,NOx,1019.75
31/3/2004,13.57916671,55.03576361,NOx,1015.319444
1/4/2004,-11.42604168,19.74201385,NOx,745.4826389
2/4/2004,17.94479162,49.10416649,NOx,843.9895833
3/4/2004,19.12951387,45.6961806,NOx,862.40625
4/4/2004,18.89166672,50.16041656,NOx,939.6041667
5/4/2004,16.86250006,53.94687498,NOx,877.0833333
6/4/2004,16.92222225,48.20763882,NOx,889.5659722
7/4/2004,14.31875002,54.71041652,NOx,1090.052083
8/4/2004,5.559027821,39.00763864,NOx,859.6006944
9/4/2004,-191.1645833,-188.8395833,NOx,-155.5833333
10/4/2004,15.08541665,49.17083333,NOx,973.8229167
11/4/2004,14.77430556,43.76250022,NOx,1202.659722
12/4/2004,12.19687499,52.97187511,NOx,1376.03125
13/4/2004,13.06249996,53.05000003,NOx,988.6979167
14/4/2004,15.49236109,47.35243069,NOx,898.2291667
15/4/2004,14.82916668,51.21562497,NOx,814.0104167
16/4/2004,14.09826386,69.34062526,NOx,763.1909722
17/4/2004,15.54375006,64.27812509,NOx,960.71875
18/4/2004,15.58750002,64.1427085,NOx,994.2708333
19/4/2004,13.6024306,67.43055564,NOx,943.7361111
20/4/2004,16.26562496,56.91250016,NOx,893.8020833
21/4/2004,19.09062506,44.99444461,NOx,865.15625
22/4/2004,21.05416664,39.29687504,NOx,878.3854167
23/4/2004,21.22916664,39.14375009,NOx,797.7708333
24/4/2004,20.08159728,48.51840254,NOx,840.6701389
25/4/2004,15.61770836,41.1937501,NOx,1274.21875
26/4/2004,16.80312501,38.55104178,NOx,1143.177083
27/4/2004,20.61215281,35.55208314,NOx,944.6041667
28/4/2004,21.08958334,42.77604159,NOx,792.8020833
29/4/2004,18.91388893,51.19513904,NOx,757.7708333
30/4/2004,17.98958333,66.56562523,NOx,731.96875
1/5/2004,20.13437505,52.17812492,NOx,918
2/5/2004,19.58819454,49.55694434,NOx,955.3229167
3/5/2004,21.23749995,48.74270846,NOx,860.90625
4/5/2004,18.01874993,66.27500014,NOx,859.8958333
5/5/2004,16.23402773,66.88749998,NOx,916.3923611
6/5/2004,14.31458333,62.78229145,NOx,990.8854167
7/5/2004,15.45520842,55.58888876,NOx,924.5243056
8/5/2004,14.28020836,59.31250008,NOx,1021.385417
9/5/2004,15.26041657,56.91770824,NOx,950.2708333
10/5/2004,17.94166672,50.46458309,NOx,857.8993056
11/5/2004,18.97083328,48.04999997,NOx,811.3125
12/5/2004,17.21527775,56.31944438,NOx,778.4756944
13/5/2004,17.67083326,51.33124995,NOx,878.875
14/5/2004,21.81979166,37.30729163,NOx,813.8229167
15/5/2004,21.03923606,34.38993053,NOx,938.5798611
16/5/2004,22.35937495,34.83125005,NOx,1010.020833
17/5/2004,21.34583342,26.02083321,NOx,1047.395833
18/5/2004,23.74097229,30.98472227,NOx,887.1631944
19/5/2004,22.98958332,37.68958332,NOx,827.8020833
20/5/2004,23.64236111,37.434375,NOx,806.1944444
21/5/2004,23.47187508,34.728125,NOx,816.8229167
22/5/2004,22.04270838,42.35208337,NOx,792.6666667
23/5/2004,22.35659726,41.75972241,NOx,1006.15625
24/5/2004,19.94687499,25.6614582,NOx,1211.947917
25/5/2004,-23.92083335,-24.78645826,NOx,779.4375
26/5/2004,-57.95173605,-61.50069437,NOx,600.9375
27/5/2004,22.86354162,32.07499983,NOx,1022.604167
28/5/2004,21.33229167,41.12812505,NOx,984.1458333
29/5/2004,20.26875008,39.06319459,NOx,1242.711806
30/5/2004,23.71562495,31.28229173,NOx,1212.1875
31/5/2004,22.79687496,42.8687501,NOx,974.34375
1/6/2004,20.33229162,66.14513891,NOx,896.71875
2/6/2004,23.89166669,52.67499973,NOx,1008.916667
3/6/2004,23.30069434,45.93993062,NOx,958.3784722
4/6/2004,23.39479162,39.42916671,NOx,1001.541667
5/6/2004,23.87291668,45.05833336,NOx,975
6/6/2004,21.89756954,48.71250023,NOx,1138.920139
7/6/2004,25.5531249,37.70104178,NOx,919.84375
8/6/2004,27.31979158,38.34479175,NOx,870.4375
9/6/2004,29.43750014,35.84791675,NOx,803.34375
10/6/2004,29.02500002,36.66875001,NOx,794.3125
11/6/2004,28.42013885,29.57812509,NOx,850.9826389
12/6/2004,27.32499995,33.5625,NOx,894.15625
13/6/2004,22.29479172,42.84166662,NOx,1263.135417
14/6/2004,22.18090278,43.88472217,NOx,1185.177083
15/6/2004,26.58645821,36.06458336,NOx,900.3020833
16/6/2004,25.94409713,41.97708328,NOx,822.4444444
17/6/2004,25.28854167,42.62395835,NOx,823.9166667
18/6/2004,28.23333327,38.00937502,NOx,825.21875
19/6/2004,-68.06979167,-58.29687495,NOx,453.7152778
20/6/2004,-200,-200,NOx,-200
21/6/2004,-12.14895831,-5.416666528,NOx,700.7083333
22/6/2004,25.50833325,37.97465281,NOx,842.71875
23/6/2004,27.21875006,36.50937488,NOx,786.4895833
24/6/2004,27.80069451,41.32569441,NOx,846.1215278
25/6/2004,27.8791667,33.69999992,NOx,833.9270833
26/6/2004,28.09479163,32.23749992,NOx,913.3645833
27/6/2004,31.23298599,33.67604156,NOx,921.2569444
28/6/2004,31.09375008,33.19270849,NOx,786.46875
29/6/2004,31.12916656,37.05937487,NOx,731.1458333
30/6/2004,31.6069442,38.64548624,NOx,719.5416667
1/7/2004,30.44270831,39.68749998,NOx,740.8125
2/7/2004,30.19444441,33.77569438,NOx,767.8611111
3/7/2004,28.71250006,31.89270826,NOx,866.34375
4/7/2004,29.0666666,35.59062492,NOx,932.8229167
5/7/2004,29.55868045,31.00868064,NOx,802.5381944
6/7/2004,30.52916684,31.14791657,NOx,743.625
7/7/2004,32.38090279,25.41250008,NOx,722.8020833
8/7/2004,32.47395825,28.20208338,NOx,697.4270833
9/7/2004,28.99687495,31.21562501,NOx,801.3958333
10/7/2004,26.61805553,35.73472223,NOx,942.6736111
11/7/2004,25.76249993,36.09999996,NOx,998.6145833
12/7/2004,22.75104165,40.79166679,NOx,870.46875
13/7/2004,24.89027771,34.71909715,NOx,823.8159722
14/7/2004,27.60000002,28.46874995,NOx,787.1354167
15/7/2004,27.85763887,32.60069442,NOx,775.4479167
16/7/2004,28.6270834,30.99166668,NOx,788.3541667
17/7/2004,29.82187498,29.22395834,NOx,827.1979167
18/7/2004,30.54652766,26.90138894,NOx,913.4652778
19/7/2004,31.1364583,28.80312522,NOx,749.9895833
20/7/2004,32.22083342,29.23333325,NOx,689.4166667
21/7/2004,32.36284722,30.81215281,NOx,705.7638889
22/7/2004,32.99791652,33.08750002,NOx,659.34375
23/7/2004,32.55694447,31.85347212,NOx,688.4895833
24/7/2004,30.1135418,39.88125012,NOx,802.75
25/7/2004,26.76041659,49.76041667,NOx,1040.15625
26/7/2004,30.10104163,35.60937488,NOx,868.8472222
27/7/2004,28.01666655,32.47187497,NOx,882.1041667
28/7/2004,28.37916654,26.45729166,NOx,813.1875
29/7/2004,29.45659715,28.30138885,NOx,769.21875
30/7/2004,30.02187498,37.04375003,NOx,704.6875
31/7/2004,21.46006959,28.20694435,NOx,729.0451389
1/8/2004,30.65312491,42.1208335,NOx,879.8958333
2/8/2004,30.53854175,43.63333317,NOx,768.75
3/8/2004,30.70694439,41.35138894,NOx,733.5972222
4/8/2004,30.58125005,42.06354143,NOx,768.0520833
5/8/2004,26.29791672,56.64791669,NOx,772.53125
6/8/2004,26.48333329,58.03229195,NOx,698.2395833
7/8/2004,29.10208327,46.35729172,NOx,838.1145833
8/8/2004,28.04618069,50.14513885,NOx,904.7847222
9/8/2004,-9.852430556,9.186111,NOx,608.3229167
10/8/2004,31.54791663,43.88124975,NOx,747.9583333
11/8/2004,31.4996528,46.00381931,NOx,778.3541667
12/8/2004,30.73333337,47.58958312,NOx,824.3958333
13/8/2004,29.80729161,44.46805574,NOx,935.9548611
14/8/2004,29.95416667,41.79270834,NOx,954.21875
15/8/2004,29.8145833,37.76979164,NOx,1033.239583
16/8/2004,30.07083328,30.23368044,NOx,939.2326389
17/8/2004,30.39166657,33.84687499,NOx,845.5416667
18/8/2004,29.84479149,37.4104167,NOx,811.2395833
19/8/2004,32.2291666,41.39618071,NOx,842.6631944
20/8/2004,30.6249999,45.25312513,NOx,856.2395833
21/8/2004,26.79756945,37.68159721,NOx,1014.961806
22/8/2004,27.54583343,38.43541664,NOx,958.8125
23/8/2004,28.00625006,34.8270834,NOx,888.0520833
24/8/2004,27.98229158,35.98680556,NOx,816.8715278
25/8/2004,28.61979161,42.14583331,NOx,768.6354167
26/8/2004,-144.0729167,-138.6729166,NOx,102.5208333
27/8/2004,-200,-200,NOx,-200
28/8/2004,-0.613541524,9.307291667,NOx,708.6145833
29/8/2004,27.52187505,45.0003471,NOx,790.9548611
30/8/2004,27.07812508,46.15416656,NOx,709.6458333
31/8/2004,27.29374997,46.17291683,NOx,692.25
1/9/2004,27.05833326,42.09027763,NOx,678.4236111
2/9/2004,28.91111118,38.07916653,NOx,668.8229167
3/9/2004,29.9815971,37.22604163,NOx,658.7777778
4/9/2004,30.36562512,34.64375009,NOx,716.3541667
5/9/2004,29.2166666,27.22812498,NOx,976.0833333
6/9/2004,26.64270835,36.39791676,NOx,875.2083333
7/9/2004,18.04687496,23.66979166,NOx,728.3020833
8/9/2004,-133.7322917,-133.684375,NOx,116.2395833
9/9/2004,28.51354176,26.559375,NOx,951.3854167
10/9/2004,27.9177084,30.60729175,NOx,910.6875
11/9/2004,27.21354163,35.54166665,NOx,880.3125
12/9/2004,24.65347222,55.25034718,NOx,837.1701389
13/9/2004,26.26041663,49.9885418,NOx,731.1041667
14/9/2004,25.20104174,55.95312484,NOx,775.7395833
15/9/2004,22.84548604,67.76041664,NOx,708.2256944
16/9/2004,21.42916662,61.10624981,NOx,781.8020833
17/9/2004,21.79930564,48.52291677,NOx,980.3472222
18/9/2004,24.01979162,38.86041657,NOx,995.0104167
19/9/2004,24.82708341,43.92187508,NOx,824.6145833
20/9/2004,25.56909711,43.26770825,NOx,747.3784722
21/9/2004,24.71770825,47.61145834,NOx,712.1458333
22/9/2004,24.61041661,51.27187512,NOx,699.3125
23/9/2004,25.49930545,50.7895834,NOx,713.0451389
24/9/2004,21.1343751,58.60833327,NOx,787.0625
25/9/2004,17.85000003,40.98055555,NOx,1127.621528
26/9/2004,18.42812505,42.44479167,NOx,968.4791667
27/9/2004,19.01666665,42.4489582,NOx,813.5833333
28/9/2004,19.89201383,42.38749986,NOx,765.1770833
29/9/2004,20.99479166,44.05208321,NOx,749.7291667
30/9/2004,21.28645837,53.09166674,NOx,672.59375
1/10/2004,12.82430561,49.38055555,NOx,570.8576389
2/10/2004,22.81145833,57.38750005,NOx,672.9479167
3/10/2004,23.00104174,56.39791669,NOx,750.2048611
4/10/2004,22.17291661,56.58854143,NOx,669.5208333
5/10/2004,23.16458323,53.54895834,NOx,643.3229167
6/10/2004,22.77326385,55.64479168,NOx,616.8194444
7/10/2004,23.12291672,54.55833348,NOx,615.4166667
8/10/2004,23.28541664,54.93958334,NOx,611.15625
9/10/2004,24.88437497,54.79444427,NOx,591.3715278
10/10/2004,22.0802083,66.91666694,NOx,762.8645833
11/10/2004,19.92777779,67.12569449,NOx,705.6388889
12/10/2004,17.74999986,57.20208327,NOx,859.4791667
13/10/2004,15.38020831,54.92083335,NOx,1015.427083
14/10/2004,17.79131955,55.77152803,NOx,872.4548611
15/10/2004,18.32708336,64.6020834,NOx,730.2708333
16/10/2004,17.41909724,62.10659717,NOx,858.875
17/10/2004,17.96250003,55.39375011,NOx,926.7708333
18/10/2004,17.346875,60.38124994,NOx,697.78125
19/10/2004,18.21423624,67.01631946,NOx,587.6041667
20/10/2004,21.7166666,66.2187498,NOx,495.4479167
21/10/2004,23.81875004,60.47291625,NOx,558.5208333
22/10/2004,22.52916665,61.66041675,NOx,581.0902778
23/10/2004,21.68020831,62.49895843,NOx,620.1145833
24/10/2004,21.35486113,62.78784755,NOx,680.6666667
25/10/2004,18.66145832,69.74895855,NOx,563.5208333
26/10/2004,19.53125006,66.22187471,NOx,582.2916667
27/10/2004,18.43124994,72.33854204,NOx,666.1805556
28/10/2004,18.37604167,67.79062514,NOx,674.90625
29/10/2004,19.44791665,73.89583313,NOx,710.6666667
30/10/2004,19.56145822,71.15937512,NOx,635.1701389
31/10/2004,20.85416669,68.81979187,NOx,764.375
1/11/2004,21.23437503,70.09270836,NOx,604.3020833
2/11/2004,20.67083333,64.49583328,NOx,596.8020833
3/11/2004,21.53541658,58.01666645,NOx,654.03125
4/11/2004,20.58506941,62.00381945,NOx,605.0104167
5/11/2004,19.34166679,62.23333335,NOx,618.90625
6/11/2004,18.28229169,63.48229174,NOx,653.78125
7/11/2004,15.8802083,45.86006945,NOx,1016.819444
8/11/2004,11.11666669,50.61666663,NOx,988.7604167
9/11/2004,8.033333329,64.78402805,NOx,837.1388889
10/11/2004,8.748958364,71.8145831,NOx,948.1770833
11/11/2004,10.72187495,75.7052083,NOx,680.3229167
12/11/2004,15.27881944,61.90729151,NOx,840.78125
13/11/2004,17.33125002,53.84270851,NOx,800.125
14/11/2004,10.35208334,44.30729165,NOx,1678.6875
15/11/2004,11.96180563,35.07222215,NOx,1102.888889
16/11/2004,13.3072917,36.1989583,NOx,910.46875
17/11/2004,10.93923603,51.69340301,NOx,730.9756944
18/11/2004,12.75208334,60.87499996,NOx,645.3958333
19/11/2004,15.85833333,53.78125006,NOx,727.2916667
20/11/2004,10.78958334,26.43229163,NOx,946.7604167
21/11/2004,7.638541708,42.91354156,NOx,883.8645833
22/11/2004,6.451041674,54.32500018,NOx,644.4826389
23/11/2004,10.73125006,75.31354165,NOx,511.8125
24/11/2004,11.2416667,75.3218749,NOx,591.9270833
25/11/2004,10.01909723,63.45590266,NOx,645.75
26/11/2004,12.49479169,66.78749979,NOx,568.8229167
27/11/2004,13.76875008,75.31354133,NOx,629.34375
28/11/2004,10.64027779,72.66458346,NOx,834.3125
29/11/2004,13.77083334,67.2614584,NOx,813.2291667
30/11/2004,12.99409725,71.59409714,NOx,981.8958333
1/12/2004,10.89583326,76.99583324,NOx,1490.28125
2/12/2004,14.47187495,71.2270836,NOx,886.4895833
3/12/2004,15.24826383,76.96736124,NOx,595.1041667
4/12/2004,12.48958331,81.10416667,NOx,705.8020833
5/12/2004,12.41249999,71.88125002,NOx,958.0833333
6/12/2004,15.36284729,63.71423611,NOx,748.6111111
7/12/2004,14.86041673,60.48750007,NOx,789.2916667
8/12/2004,14.34861109,64.53819454,NOx,840.8784722
9/12/2004,14.53229172,55.37708342,NOx,1207.052083
10/12/2004,14.28333337,29.6385417,NOx,1452.020833
11/12/2004,13.43090277,31.1559027,NOx,859.5034722
12/12/2004,9.973958358,51.62708356,NOx,713.6458333
13/12/2004,10.10312505,56.78541676,NOx,768.3125
14/12/2004,-51.36319446,-11.95625007,NOx,417.0590278
15/12/2004,-200,-200,NOx,-200
16/12/2004,-200,-200,NOx,-200
17/12/2004,-164.5104167,-154.5156251,NOx,-54.1875
18/12/2004,12.31354168,44.88437506,NOx,952.4375
19/12/2004,5.284027769,62.7534722,NOx,807.8645833
20/12/2004,8.704166681,53.71979173,NOx,995.0416667
21/12/2004,6.669097284,38.66493061,NOx,1008.892361
22/12/2004,6.606250013,40.78333324,NOx,911.5520833
23/12/2004,5.732291652,49.1031251,NOx,697.0625
24/12/2004,-36.02291666,4.436111079,NOx,397.34375
25/12/2004,10.26458336,69.8864586,NOx,567.3020833
26/12/2004,12.04583332,74.79375013,NOx,919.25
27/12/2004,12.55034719,65.45868052,NOx,837.7743056
28/12/2004,11.33437498,64.53854171,NOx,735.625
29/12/2004,10.31666662,59.11041665,NOx,930.9305556
30/12/2004,9.783333321,40.56979156,NOx,1005.84375
31/12/2004,9.349999999,39.33958326,NOx,1016.0625
1/1/2005,6.872569472,50.8086805,NOx,782.3993056
2/1/2005,-19.24791666,26.86874974,NOx,681.4583333
3/1/2005,-200,-200,NOx,-200
4/1/2005,-200,-200,NOx,-200
5/1/2005,2.471875032,54.78541676,NOx,534.9791667
6/1/2005,13.44895839,61.06354161,NOx,758.6180556
7/1/2005,8.455208361,72.04166659,NOx,690.5208333
8/1/2005,10.38541664,65.75729187,NOx,653.4895833
9/1/2005,14.42847217,59.00347197,NOx,756.4965278
10/1/2005,13.32083333,68.64062524,NOx,607.5729167
11/1/2005,12.78958329,64.09270851,NOx,592.375
12/1/2005,11.96215273,65.6829861,NOx,556
13/1/2005,9.990625009,69.5625004,NOx,623.7395833
14/1/2005,8.088541672,71.72951423,NOx,615.6875
15/1/2005,6.431250013,70.2010419,NOx,691.9583333
16/1/2005,7.524999994,47.77812495,NOx,929.2291667
17/1/2005,6.660069471,46.91527761,NOx,756.9618056
18/1/2005,5.282291658,66.26875003,NOx,667.2291667
19/1/2005,7.823958274,64.99409729,NOx,916.1145833
20/1/2005,10.06875003,44.24999994,NOx,782.3333333
21/1/2005,9.090625018,59.06979191,NOx,560.28125
22/1/2005,9.937152834,55.85138901,NOx,600.7673611
23/1/2005,5.819791675,53.87812507,NOx,845.9375
24/1/2005,7.668750003,47.88333329,NOx,909.0729167
25/1/2005,4.509027771,50.96909716,NOx,1164.253472
26/1/2005,4.213541647,49.47708329,NOx,1129.895833
27/1/2005,5.267708326,39.6149304,NOx,997.0590278
28/1/2005,-55.51597223,-24.01041656,NOx,635.2256944
29/1/2005,-14.27291667,28.56354173,NOx,1024.666667
30/1/2005,4.848611129,37.832986,NOx,1136.71875
31/1/2005,7.273958323,31.80937483,NOx,842.1770833
10/3/2004,12.02083337,54.88333368,O3,1096.041667
11/3/2004,9.833333318,64.06979144,O3,885.03125
12/3/2004,11.29270837,51.10729162,O3,1084.21875
13/3/2004,12.86631947,51.53090292,O3,1245.78125
14/3/2004,16.01666662,48.84375006,O3,1234.177083
15/3/2004,17.37083332,50.32083342,O3,1439.041667
16/3/2004,18.62777777,44.82500007,O3,1322.475694
17/3/2004,18.77291673,41.16562509,O3,1405.677083
18/3/2004,17.76076395,44.08472221,O3,1300.805556
19/3/2004,14.19479162,57.90416666,O3,1095.708333
20/3/2004,15.85937502,52.1718752,O3,1018.958333
21/3/2004,17.20486107,52.44340299,O3,954.2534722
22/3/2004,17.36354167,44.8354166,O3,857.78125
23/3/2004,12.12256951,60.46979148,O3,892.6354167
24/3/2004,11.66875,59.09791629,O3,909.7708333
25/3/2004,11.63020832,58.79791677,O3,800.2395833
26/3/2004,11.66770835,51.29513875,O3,888.34375
27/3/2004,12.58541664,46.54687486,O3,900.6458333
28/3/2004,13.46354171,45.72604167,O3,783.6770833
29/3/2004,13.39201392,37.65486115,O3,630.8159722
30/3/2004,15.51145833,34.4552084,O3,1003.770833
31/3/2004,13.57916671,55.03576361,O3,904.0034722
1/4/2004,-11.42604168,19.74201385,O3,986.3159722
2/4/2004,17.94479162,49.10416649,O3,1197.1875
3/4/2004,19.12951387,45.6961806,O3,1140.270833
4/4/2004,18.89166672,50.16041656,O3,824.6875
5/4/2004,16.86250006,53.94687498,O3,1069.84375
6/4/2004,16.92222225,48.20763882,O3,941.0659722
7/4/2004,14.31875002,54.71041652,O3,685.3020833
8/4/2004,5.559027821,39.00763864,O3,1030.736111
9/4/2004,-191.1645833,-188.8395833,O3,-143.6979167
10/4/2004,15.08541665,49.17083333,O3,872.4375
11/4/2004,14.77430556,43.76250022,O3,631.6354167
12/4/2004,12.19687499,52.97187511,O3,462.4895833
13/4/2004,13.06249996,53.05000003,O3,941.8541667
14/4/2004,15.49236109,47.35243069,O3,1104.208333
15/4/2004,14.82916668,51.21562497,O3,1351.677083
16/4/2004,14.09826386,69.34062526,O3,1221.489583
17/4/2004,15.54375006,64.27812509,O3,838.0729167
18/4/2004,15.58750002,64.1427085,O3,768.84375
19/4/2004,13.6024306,67.43055564,O3,869.4340278
20/4/2004,16.26562496,56.91250016,O3,1088.697917
21/4/2004,19.09062506,44.99444461,O3,1154.71875
22/4/2004,21.05416664,39.29687504,O3,1139.25
23/4/2004,21.22916664,39.14375009,O3,1387.947917
24/4/2004,20.08159728,48.51840254,O3,1119.118056
25/4/2004,15.61770836,41.1937501,O3,514.0833333
26/4/2004,16.80312501,38.55104178,O3,650.6354167
27/4/2004,20.61215281,35.55208314,O3,953.28125
28/4/2004,21.08958334,42.77604159,O3,1291.21875
29/4/2004,18.91388893,51.19513904,O3,1364.822917
30/4/2004,17.98958333,66.56562523,O3,1305.927083
1/5/2004,20.13437505,52.17812492,O3,904.4375
2/5/2004,19.58819454,49.55694434,O3,871.8993056
3/5/2004,21.23749995,48.74270846,O3,1029.59375
4/5/2004,18.01874993,66.27500014,O3,929.7916667
5/5/2004,16.23402773,66.88749998,O3,870.96875
6/5/2004,14.31458333,62.78229145,O3,795.2604167
7/5/2004,15.45520842,55.58888876,O3,814.3125
8/5/2004,14.28020836,59.31250008,O3,767.0520833
9/5/2004,15.26041657,56.91770824,O3,813.6041667
10/5/2004,17.94166672,50.46458309,O3,1010.159722
11/5/2004,18.97083328,48.04999997,O3,1202.03125
12/5/2004,17.21527775,56.31944438,O3,1182.135417
13/5/2004,17.67083326,51.33124995,O3,980.4479167
14/5/2004,21.81979166,37.30729163,O3,1157.3125
15/5/2004,21.03923606,34.38993053,O3,975.4513889
16/5/2004,22.35937495,34.83125005,O3,773.5208333
17/5/2004,21.34583342,26.02083321,O3,798.53125
18/5/2004,23.74097229,30.98472227,O3,1074.913194
19/5/2004,22.98958332,37.68958332,O3,1076.375
20/5/2004,23.64236111,37.434375,O3,1087.055556
21/5/2004,23.47187508,34.728125,O3,1107.854167
22/5/2004,22.04270838,42.35208337,O3,1080.083333
23/5/2004,22.35659726,41.75972241,O3,765.7881944
24/5/2004,19.94687499,25.6614582,O3,616.96875
25/5/2004,-23.92083335,-24.78645826,O3,696.34375
26/5/2004,-57.95173605,-61.50069437,O3,643.5972222
27/5/2004,22.86354162,32.07499983,O3,1027.6875
28/5/2004,21.33229167,41.12812505,O3,918.8854167
29/5/2004,20.26875008,39.06319459,O3,615.5763889
30/5/2004,23.71562495,31.28229173,O3,656.7604167
31/5/2004,22.79687496,42.8687501,O3,868.1666667
1/6/2004,20.33229162,66.14513891,O3,1066.75
2/6/2004,23.89166669,52.67499973,O3,823.0833333
3/6/2004,23.30069434,45.93993062,O3,992.59375
4/6/2004,23.39479162,39.42916671,O3,833.1770833
5/6/2004,23.87291668,45.05833336,O3,852.3333333
6/6/2004,21.89756954,48.71250023,O3,629.1423611
7/6/2004,25.5531249,37.70104178,O3,957.1458333
8/6/2004,27.31979158,38.34479175,O3,1095.583333
9/6/2004,29.43750014,35.84791675,O3,1179.177083
10/6/2004,29.02500002,36.66875001,O3,1127.833333
11/6/2004,28.42013885,29.57812509,O3,1048.881944
12/6/2004,27.32499995,33.5625,O3,868.03125
13/6/2004,22.29479172,42.84166662,O3,498.1145833
14/6/2004,22.18090278,43.88472217,O3,600.1493056
15/6/2004,26.58645821,36.06458336,O3,935.78125
16/6/2004,25.94409713,41.97708328,O3,932.8541667
17/6/2004,25.28854167,42.62395835,O3,1007.614583
18/6/2004,28.23333327,38.00937502,O3,961.59375
19/6/2004,-68.06979167,-58.29687495,O3,382.1319444
20/6/2004,-200,-200,O3,-200
21/6/2004,-12.14895831,-5.416666528,O3,649.9270833
22/6/2004,25.50833325,37.97465281,O3,1001.465278
23/6/2004,27.21875006,36.50937488,O3,1116.21875
24/6/2004,27.80069451,41.32569441,O3,843.9965278
25/6/2004,27.8791667,33.69999992,O3,933.84375
26/6/2004,28.09479163,32.23749992,O3,869.7291667
27/6/2004,31.23298599,33.67604156,O3,846.9583333
28/6/2004,31.09375008,33.19270849,O3,1042.197917
29/6/2004,31.12916656,37.05937487,O3,1169.958333
30/6/2004,31.6069442,38.64548624,O3,1257.548611
1/7/2004,30.44270831,39.68749998,O3,1059.510417
2/7/2004,30.19444441,33.77569438,O3,1031.274306
3/7/2004,28.71250006,31.89270826,O3,857.1041667
4/7/2004,29.0666666,35.59062492,O3,752.2604167
5/7/2004,29.55868045,31.00868064,O3,1047.784722
6/7/2004,30.52916684,31.14791657,O3,1308.125
7/7/2004,32.38090279,25.41250008,O3,1402
8/7/2004,32.47395825,28.20208338,O3,1383.989583
9/7/2004,28.99687495,31.21562501,O3,901.3645833
10/7/2004,26.61805553,35.73472223,O3,636.4756944
11/7/2004,25.76249993,36.09999996,O3,627.7604167
12/7/2004,22.75104165,40.79166679,O3,867.9270833
13/7/2004,24.89027771,34.71909715,O3,1061.934028
14/7/2004,27.60000002,28.46874995,O3,1122.802083
15/7/2004,27.85763887,32.60069442,O3,1013.885417
16/7/2004,28.6270834,30.99166668,O3,1039
17/7/2004,29.82187498,29.22395834,O3,962.5
18/7/2004,30.54652766,26.90138894,O3,775.8645833
19/7/2004,31.1364583,28.80312522,O3,1180.302083
20/7/2004,32.22083342,29.23333325,O3,1280.177083
21/7/2004,32.36284722,30.81215281,O3,1197.305556
22/7/2004,32.99791652,33.08750002,O3,1354.989583
23/7/2004,32.55694447,31.85347212,O3,1220.194444
24/7/2004,30.1135418,39.88125012,O3,868.2604167
25/7/2004,26.76041659,49.76041667,O3,581.1979167
26/7/2004,30.10104163,35.60937488,O3,806.3506944
27/7/2004,28.01666655,32.47187497,O3,758.3958333
28/7/2004,28.37916654,26.45729166,O3,908.6979167
29/7/2004,29.45659715,28.30138885,O3,935.0451389
30/7/2004,30.02187498,37.04375003,O3,1008.90625
31/7/2004,21.46006959,28.20694435,O3,822.8368056
1/8/2004,30.65312491,42.1208335,O3,670.3645833
2/8/2004,30.53854175,43.63333317,O3,763.7604167
3/8/2004,30.70694439,41.35138894,O3,898.90625
4/8/2004,30.58125005,42.06354143,O3,871.9895833
5/8/2004,26.29791672,56.64791669,O3,899.8125
6/8/2004,26.48333329,58.03229195,O3,1104.135417
7/8/2004,29.10208327,46.35729172,O3,772.90625
8/8/2004,28.04618069,50.14513885,O3,665.3506944
9/8/2004,-9.852430556,9.186111,O3,738.5763889
10/8/2004,31.54791663,43.88124975,O3,943.2916667
11/8/2004,31.4996528,46.00381931,O3,868.9097222
12/8/2004,30.73333337,47.58958312,O3,762.1354167
13/8/2004,29.80729161,44.46805574,O3,598.59375
14/8/2004,29.95416667,41.79270834,O3,609.5833333
15/8/2004,29.8145833,37.76979164,O3,609.3541667
16/8/2004,30.07083328,30.23368044,O3,706.9583333
17/8/2004,30.39166657,33.84687499,O3,811.7708333
18/8/2004,29.84479149,37.4104167,O3,801.28125
19/8/2004,32.2291666,41.39618071,O3,727.5451389
20/8/2004,30.6249999,45.25312513,O3,687.0833333
21/8/2004,26.79756945,37.68159721,O3,543.8333333
22/8/2004,27.54583343,38.43541664,O3,689.78125
23/8/2004,28.00625006,34.8270834,O3,726.375
24/8/2004,27.98229158,35.98680556,O3,808.2083333
25/8/2004,28.61979161,42.14583331,O3,812.7916667
26/8/2004,-144.0729167,-138.6729166,O3,-1.21875
27/8/2004,-200,-200,O3,-200
28/8/2004,-0.613541524,9.307291667,O3,616.6770833
29/8/2004,27.52187505,45.0003471,O3,755.96875
30/8/2004,27.07812508,46.15416656,O3,905.7916667
31/8/2004,27.29374997,46.17291683,O3,928.84375
1/9/2004,27.05833326,42.09027763,O3,1021.350694
2/9/2004,28.91111118,38.07916653,O3,1137.135417
3/9/2004,29.9815971,37.22604163,O3,1213.364583
4/9/2004,30.36562512,34.64375009,O3,956.34375
5/9/2004,29.2166666,27.22812498,O3,645.6770833
6/9/2004,26.64270835,36.39791676,O3,731.0104167
7/9/2004,18.04687496,23.66979166,O3,880.2291667
8/9/2004,-133.7322917,-133.684375,O3,285.0104167
9/9/2004,28.51354176,26.559375,O3,1211.395833
10/9/2004,27.9177084,30.60729175,O3,1020.142361
11/9/2004,27.21354163,35.54166665,O3,942.1458333
12/9/2004,24.65347222,55.25034718,O3,1017.739583
13/9/2004,26.26041663,49.9885418,O3,1259.989583
14/9/2004,25.20104174,55.95312484,O3,1094
15/9/2004,22.84548604,67.76041664,O3,1213.517361
16/9/2004,21.42916662,61.10624981,O3,1084.791667
17/9/2004,21.79930564,48.52291677,O3,830.2743056
18/9/2004,24.01979162,38.86041657,O3,732.3333333
19/9/2004,24.82708341,43.92187508,O3,961.8333333
20/9/2004,25.56909711,43.26770825,O3,1151.788194
21/9/2004,24.71770825,47.61145834,O3,1162.947917
22/9/2004,24.61041661,51.27187512,O3,1163.489583
23/9/2004,25.49930545,50.7895834,O3,1102.302083
24/9/2004,21.1343751,58.60833327,O3,1052.520833
25/9/2004,17.85000003,40.98055555,O3,640.1631944
26/9/2004,18.42812505,42.44479167,O3,778.53125
27/9/2004,19.01666665,42.4489582,O3,1012.875
28/9/2004,19.89201383,42.38749986,O3,1335.052083
29/9/2004,20.99479166,44.05208321,O3,1225.489583
30/9/2004,21.28645837,53.09166674,O3,1298.114583
1/10/2004,12.82430561,49.38055555,O3,1301.472222
2/10/2004,22.81145833,57.38750005,O3,1099.760417
3/10/2004,23.00104174,56.39791669,O3,981.9340278
4/10/2004,22.17291661,56.58854143,O3,1229.708333
5/10/2004,23.16458323,53.54895834,O3,1378.052083
6/10/2004,22.77326385,55.64479168,O3,1335.03125
7/10/2004,23.12291672,54.55833348,O3,1292.21875
8/10/2004,23.28541664,54.93958334,O3,1310.083333
9/10/2004,24.88437497,54.79444427,O3,1260.152778
10/10/2004,22.0802083,66.91666694,O3,884.84375
11/10/2004,19.92777779,67.12569449,O3,1089.086806
12/10/2004,17.74999986,57.20208327,O3,826.7395833
13/10/2004,15.38020831,54.92083335,O3,707.9375
14/10/2004,17.79131955,55.77152803,O3,915.0555556
15/10/2004,18.32708336,64.6020834,O3,1056.90625
16/10/2004,17.41909724,62.10659717,O3,791.4583333
17/10/2004,17.96250003,55.39375011,O3,692.59375
18/10/2004,17.346875,60.38124994,O3,1204.760417
19/10/2004,18.21423624,67.01631946,O3,1383.388889
20/10/2004,21.7166666,66.2187498,O3,1624.1875
21/10/2004,23.81875004,60.47291625,O3,1368.552083
22/10/2004,22.52916665,61.66041675,O3,1431.694444
23/10/2004,21.68020831,62.49895843,O3,1252.71875
24/10/2004,21.35486113,62.78784755,O3,1161.645833
25/10/2004,18.66145832,69.74895855,O3,1482.15625
26/10/2004,19.53125006,66.22187471,O3,1426.447917
27/10/2004,18.43124994,72.33854204,O3,1131.84375
28/10/2004,18.37604167,67.79062514,O3,1175.729167
29/10/2004,19.44791665,73.89583313,O3,1041.104167
30/10/2004,19.56145822,71.15937512,O3,1187.84375
31/10/2004,20.85416669,68.81979187,O3,993.5
1/11/2004,21.23437503,70.09270836,O3,1495.628472
2/11/2004,20.67083333,64.49583328,O3,1429.90625
3/11/2004,21.53541658,58.01666645,O3,1169.59375
4/11/2004,20.58506941,62.00381945,O3,1332.211806
5/11/2004,19.34166679,62.23333335,O3,1313.729167
6/11/2004,18.28229169,63.48229174,O3,1144.333333
7/11/2004,15.8802083,45.86006945,O3,672.9444444
8/11/2004,11.11666669,50.61666663,O3,804.8645833
9/11/2004,8.033333329,64.78402805,O3,1016.878472
10/11/2004,8.748958364,71.8145831,O3,836.09375
11/11/2004,10.72187495,75.7052083,O3,1140.010417
12/11/2004,15.27881944,61.90729151,O3,882.1736111
13/11/2004,17.33125002,53.84270851,O3,924.0520833
14/11/2004,10.35208334,44.30729165,O3,379.9583333
15/11/2004,11.96180563,35.07222215,O3,715.8576389
16/11/2004,13.3072917,36.1989583,O3,1023.802083
17/11/2004,10.93923603,51.69340301,O3,1389.291667
18/11/2004,12.75208334,60.87499996,O3,1363.75
19/11/2004,15.85833333,53.78125006,O3,1165.927083
20/11/2004,10.78958334,26.43229163,O3,1015.767361
21/11/2004,7.638541708,42.91354156,O3,1147.677083
22/11/2004,6.451041674,54.32500018,O3,1719.704861
23/11/2004,10.73125006,75.31354165,O3,1795.291667
24/11/2004,11.2416667,75.3218749,O3,1458.666667
25/11/2004,10.01909723,63.45590266,O3,1309.472222
26/11/2004,12.49479169,66.78749979,O3,1697.96875
27/11/2004,13.76875008,75.31354133,O3,1519
28/11/2004,10.64027779,72.66458346,O3,1025.184028
29/11/2004,13.77083334,67.2614584,O3,1233.708333
30/11/2004,12.99409725,71.59409714,O3,1013.770833
1/12/2004,10.89583326,76.99583324,O3,1196.1875
2/12/2004,14.47187495,71.2270836,O3,1374.333333
3/12/2004,15.24826383,76.96736124,O3,1348.996528
4/12/2004,12.48958331,81.10416667,O3,1039.802083
5/12/2004,12.41249999,71.88125002,O3,773.8958333
6/12/2004,15.36284729,63.71423611,O3,1126.256944
7/12/2004,14.86041673,60.48750007,O3,1159.635417
8/12/2004,14.34861109,64.53819454,O3,1010.583333
9/12/2004,14.53229172,55.37708342,O3,749.1145833
10/12/2004,14.28333337,29.6385417,O3,764.3333333
11/12/2004,13.43090277,31.1559027,O3,1031.1875
12/12/2004,9.973958358,51.62708356,O3,1340.65625
13/12/2004,10.10312505,56.78541676,O3,1559.979167
14/12/2004,-51.36319446,-11.95625007,O3,993.7326389
15/12/2004,-200,-200,O3,-200
16/12/2004,-200,-200,O3,-200
17/12/2004,-164.5104167,-154.5156251,O3,23.54166667
18/12/2004,12.31354168,44.88437506,O3,866.9375
19/12/2004,5.284027769,62.7534722,O3,1085.798611
20/12/2004,8.704166681,53.71979173,O3,755.84375
21/12/2004,6.669097284,38.66493061,O3,878.1770833
22/12/2004,6.606250013,40.78333324,O3,988.6770833
23/12/2004,5.732291652,49.1031251,O3,1545.458333
24/12/2004,-36.02291666,4.436111079,O3,1506.552083
25/12/2004,10.26458336,69.8864586,O3,1781.645833
26/12/2004,12.04583332,74.79375013,O3,830.2708333
27/12/2004,12.55034719,65.45868052,O3,850.7847222
28/12/2004,11.33437498,64.53854171,O3,1013.208333
29/12/2004,10.31666662,59.11041665,O3,714.2013889
30/12/2004,9.783333321,40.56979156,O3,656.9270833
31/12/2004,9.349999999,39.33958326,O3,717.6354167
1/1/2005,6.872569472,50.8086805,O3,1226.288194
2/1/2005,-19.24791666,26.86874974,O3,1035.302083
3/1/2005,-200,-200,O3,-200
4/1/2005,-200,-200,O3,-200
5/1/2005,2.471875032,54.78541676,O3,1446.5
6/1/2005,13.44895839,61.06354161,O3,963.3784722
7/1/2005,8.455208361,72.04166659,O3,1197.125
8/1/2005,10.38541664,65.75729187,O3,1336.34375
9/1/2005,14.42847217,59.00347197,O3,939.3993056
10/1/2005,13.32083333,68.64062524,O3,1295.71875
11/1/2005,12.78958329,64.09270851,O3,1392.666667
12/1/2005,11.96215273,65.6829861,O3,1455.788194
13/1/2005,9.990625009,69.5625004,O3,1308.177083
14/1/2005,8.088541672,71.72951423,O3,1338.965278
15/1/2005,6.431250013,70.2010419,O3,1260.510417
16/1/2005,7.524999994,47.77812495,O3,850.8958333
17/1/2005,6.660069471,46.91527761,O3,1326.621528
18/1/2005,5.282291658,66.26875003,O3,1494.46875
19/1/2005,7.823958274,64.99409729,O3,762.2673611
20/1/2005,10.06875003,44.24999994,O3,1152.6875
21/1/2005,9.090625018,59.06979191,O3,1756.427083
22/1/2005,9.937152834,55.85138901,O3,1468.784722
23/1/2005,5.819791675,53.87812507,O3,1027.5625
24/1/2005,7.668750003,47.88333329,O3,794.7708333
25/1/2005,4.509027771,50.96909716,O3,527.1770833
26/1/2005,4.213541647,49.47708329,O3,567.6979167
27/1/2005,5.267708326,39.6149304,O3,691.4756944
28/1/2005,-55.51597223,-24.01041656,O3,429.375
29/1/2005,-14.27291667,28.56354173,O3,418.0729167
30/1/2005,4.848611129,37.832986,O3,474.3923611
31/1/2005,7.273958323,31.80937483,O3,1184.166667
